ols_beta,boot_mean,boot_ci_low,boot_ci_high,B,seed
-0.04590518900832735,-0.02267057480992031,-0.17313914587040422,0.2774582340233657,5000,42
