term,coef,se_hc3,p_value
Constant,-1.7393319162472651,5.379117928028792,0.746431017217055
"Baseline salary (2018, $000 AUD)",-0.04590518900832735,0.08683450758537466,0.5970472569333212
